分类,级别,类型,简称,全称,出版社,网址
计算机体系结构/并行与分布计算/存储系统,A,期刊,TOCS,ACM Transactions on Computer Systems,ACM,http://dblp.uni-trier.de/db/journals/tocs/
计算机体系结构/并行与分布计算/存储系统,A,期刊,TOS,ACM Transactions on Storage,ACM,http://dblp.uni-trier.de/db/journals/tos/
计算机体系结构/并行与分布计算/存储系统,A,期刊,TCAD,IEEE Transactions on Computer-Aided Design of Integrated Circuits and Systems,IEEE,http://dblp.uni-trier.de/db/journals/tcad/
计算机体系结构/并行与分布计算/存储系统,A,期刊,TC,IEEE Transactions on Computers,IEEE,http://dblp.uni-trier.de/db/journals/tc/index.html
计算机体系结构/并行与分布计算/存储系统,A,期刊,TPDS,IEEE Transactions on Parallel and Distributed Systems,IEEE,http://dblp.uni-trier.de/db/journals/tpds/
计算机体系结构/并行与分布计算/存储系统,A,期刊,TACO,ACM Transactions on Architecture and Code Optimization,ACM,http://dblp.uni-trier.de/db/journals/taco/
计算机体系结构/并行与分布计算/存储系统,B,期刊,TAAS,ACM Transactions on Autonomous and Adaptive Systems,ACM,http://dblp.uni-trier.de/db/journals/taas/
计算机体系结构/并行与分布计算/存储系统,B,期刊,TODAES,ACM Transactions on Design Automation of Electronic Systems,ACM,http://dblp.uni-trier.de/db/journals/todaes/
计算机体系结构/并行与分布计算/存储系统,B,期刊,TECS,ACM Transactions on Embedded Computing Systems,ACM,http://dblp.uni-trier.de/db/journals/tecs/
计算机体系结构/并行与分布计算/存储系统,B,期刊,TRETS,ACM Transactions on Reconfigurable Technology and Systems,ACM,http://dblp.uni-trier.de/db/journals/trets/
计算机体系结构/并行与分布计算/存储系统,B,期刊,TVLSI,IEEE Transactions on Very Large Scale Integration (VLSI) Systems,IEEE,http://dblp.uni-trier.de/db/journals/tvlsi/
计算机体系结构/并行与分布计算/存储系统,B,期刊,JPDC,Journal of Parallel and Distributed Computing,Elsevier,http://dblp.uni-trier.de/db/journals/jpdc/
计算机体系结构/并行与分布计算/存储系统,B,期刊,JSA,Journal of Systems Architecture: Embedded Software Design,Elsevier,http://dblp.uni-trier.de/db/journals/jsa/
计算机体系结构/并行与分布计算/存储系统,B,期刊,Parallel Computing,Parallel Computing,Elsevier,https://dblp.org/db/journals/pc/index.html
计算机体系结构/并行与分布计算/存储系统,B,期刊,Performance Evaluation,Performance Evaluation: An International Journal,Elsevier,https://dblp.org/db/journals/pe/index.html
计算机体系结构/并行与分布计算/存储系统,B,期刊,TCC,IEEE Transactions on Cloud Computing,IEEE,https://dblp.uni-trier.de/db/journals/tcc/
计算机体系结构/并行与分布计算/存储系统,C,期刊,JETC,ACM Journal on Emerging Technologies in Computing Systems,ACM,http://dblp.uni-trier.de/db/journals/jetc/
计算机体系结构/并行与分布计算/存储系统,C,期刊,Concurrency and Computation,Concurrency and Computation: Practice and Experience,Wiley,http://dblp.uni-trier.de/db/journals/concurrency/
计算机体系结构/并行与分布计算/存储系统,C,期刊,DC,Distributed Computing,Springer,http://dblp.uni-trier.de/db/journals/dc/
计算机体系结构/并行与分布计算/存储系统,C,期刊,FGCS,Future Generation Computer Systems,Elsevier,http://dblp.uni-trier.de/db/journals/fgcs
计算机体系结构/并行与分布计算/存储系统,C,期刊,Integration,Integration the VLSI Journal,Elsevier,http://dblp.uni-trier.de/db/journals/integration
计算机体系结构/并行与分布计算/存储系统,C,期刊,JETTA,Journal of Electronic Testing-Theory and Applications,Springer,https://dblp.org/db/journals/et/index.html
计算机体系结构/并行与分布计算/存储系统,C,期刊,JGC,Journal of Grid computing,Springer,https://dblp.uni-trier.de/db/journals/grid/
计算机体系结构/并行与分布计算/存储系统,C,期刊,RTS,Real-Time Systems,Springer,http://dblp.uni-trier.de/db/journals/rts/
计算机体系结构/并行与分布计算/存储系统,C,期刊,TJSC,The Journal of Supercomputing,Springer,http://dblp.uni-trier.de/db/journals/tjs/
计算机体系结构/并行与分布计算/存储系统,C,期刊,TCASI,IEEE Transactions on Circuits and Systems I: Regular Papers,IEEE,https://dblp.org/db/journals/tcasl/index.html
计算机体系结构/并行与分布计算/存储系统,C,期刊,CCF-THPC,CCF Transactions on High Performance Computing,CCF,https://dblp.org/db/journals/ccfthpc/index.html
计算机体系结构/并行与分布计算/存储系统,C,期刊,TSUSC,IEEE Transactions on Sustainable Computing,IEEE,https://dblp.org/db/journals/tsusc/index.html
计算机体系结构/并行与分布计算/存储系统,A,会议,PPoPP,ACM SIGPLAN Symposium on Principles & Practice of Parallel Programming,ACM,http://dblp.uni-trier.de/db/conf/ppopp/
计算机体系结构/并行与分布计算/存储系统,A,会议,FAST,USENIX Conference on File and Storage Technologies,USENIX,http://dblp.uni-trier.de/db/conf/fast/
计算机体系结构/并行与分布计算/存储系统,A,会议,DAC,Design Automation Conference,ACM,https://dblp.uni-trier.de/db/conf/dac/
计算机体系结构/并行与分布计算/存储系统,A,会议,HPCA,IEEE International Symposium on High Performance Computer Architecture,IEEE,http://dblp.uni-trier.de/db/conf/hpca/
计算机体系结构/并行与分布计算/存储系统,A,会议,MICRO,IEEE/ACM International Symposium on Microarchitecture,IEEE/ACM,https://dblp.uni-trier.de/db/conf/micro/index.html
计算机体系结构/并行与分布计算/存储系统,A,会议,SC,International Conference for High Performance Computing Networking Storage and Analysis,IEEE,http://dblp.uni-trier.de/db/conf/sc/
计算机体系结构/并行与分布计算/存储系统,A,会议,ASPLOS,International Conference on Architectural Support for Programming Languages and Operating Systems,ACM,http://dblp.uni-trier.de/db/conf/asplos/
计算机体系结构/并行与分布计算/存储系统,A,会议,ISCA,International Symposium on Computer Architecture,IEEE/ACM,http://dblp.uni-trier.de/db/conf/isca/
计算机体系结构/并行与分布计算/存储系统,A,会议,ACM SIGOPS ATC,ACM SIGOPS Annual Technical Conference,ACM,http://dblp.uni-trier.de/db/conf/usenix/index.html
计算机体系结构/并行与分布计算/存储系统,A,会议,EuroSys,European Conference on Computer Systems,ACM,http://dblp.uni-trier.de/db/conf/eurosys/
计算机体系结构/并行与分布计算/存储系统,A,会议,HPDC,The International ACM Symposium on High-Performance Parallel and Distributed Computing,IEEE,http://dblp.uni-trier.de/db/conf/hpdc/
计算机体系结构/并行与分布计算/存储系统,B,会议,SoCC,ACM Symposium on Cloud Computing,ACM,http://dblp.uni-trier.de/db/conf/cloud/
计算机体系结构/并行与分布计算/存储系统,B,会议,SPAA,ACM Symposium on Parallelism in Algorithms and Architectures,ACM,http://dblp.uni-trier.de/db/conf/spaa/
计算机体系结构/并行与分布计算/存储系统,B,会议,PODC,ACM Symposium on Principles of Distributed Computing,ACM,http://dblp.uni-trier.de/db/conf/podc/
计算机体系结构/并行与分布计算/存储系统,B,会议,FPGA,ACM/SIGDA International Symposium on Field-Programmable Gate Arrays,ACM,http://dblp.uni-trier.de/db/conf/fpga/
计算机体系结构/并行与分布计算/存储系统,B,会议,CGO,The International Symposium on Code Generation and Optimization,IEEE/ACM,http://dblp.uni-trier.de/db/conf/cgo/
计算机体系结构/并行与分布计算/存储系统,B,会议,DATE,Design Automation & Test in Europe,IEEE/ACM,http://dblp.uni-trier.de/db/conf/date/
计算机体系结构/并行与分布计算/存储系统,B,会议,HOT CHIPS,Hot Chips: A Symposium on High Performance Chips,IEEE,https://dblp.org/db/conf/hotchips/index.html
计算机体系结构/并行与分布计算/存储系统,B,会议,CLUSTER,IEEE International Conference on Cluster Computing,IEEE,https://dblp.uni-trier.de/db/conf/cluster/
计算机体系结构/并行与分布计算/存储系统,B,会议,ICCD,International Conference on Computer Design,IEEE,http://dblp.uni-trier.de/db/conf/iccd/
计算机体系结构/并行与分布计算/存储系统,B,会议,ICCAD,International Conference on Computer-Aided Design,IEEE/ACM,http://dblp.uni-trier.de/db/conf/iccad/
计算机体系结构/并行与分布计算/存储系统,B,会议,ICDCS,IEEE International Conference on Distributed Computing Systems,IEEE,http://dblp.uni-trier.de/db/conf/icdcs/
计算机体系结构/并行与分布计算/存储系统,B,会议,CODES+ISSS,International Conference on Hardware/Software Co-design and System Synthesis,IEEE/ACM,https://dblp.uni-trier.de/db/conf/codesisss/index.html
计算机体系结构/并行与分布计算/存储系统,B,会议,HiPEAC,International Conference on High Performance and Embedded Architectures and Compilers,ACM,http://dblp.uni-trier.de/db/conf/hipeac/
计算机体系结构/并行与分布计算/存储系统,B,会议,SIGMETRICS,International Conference on Measurement and Modeling of Computer Systems,ACM,http://dblp.uni-trier.de/db/conf/sigmetrics/
计算机体系结构/并行与分布计算/存储系统,B,会议,PACT,International Conference on Parallel Architectures and Compilation Techniques,IEEE/ACM,http://dblp.uni-trier.de/db/conf/IEEEpact/
计算机体系结构/并行与分布计算/存储系统,B,会议,ICPP,International Conference on Parallel Processing,ACM,http://dblp.uni-trier.de/db/conf/icpp/
计算机体系结构/并行与分布计算/存储系统,B,会议,ICS,International Conference on Supercomputing,ACM,http://dblp.uni-trier.de/db/conf/ics/
计算机体系结构/并行与分布计算/存储系统,B,会议,VEE,International Conference on Virtual Execution Environments,ACM,http://dblp.uni-trier.de/db/conf/vee/
计算机体系结构/并行与分布计算/存储系统,B,会议,IPDPS,IEEE International Parallel & Distributed Processing Symposium,IEEE,http://dblp.uni-trier.de/db/conf/ipps/
计算机体系结构/并行与分布计算/存储系统,B,会议,Performance,International Symposium on Computer Performance Modeling Measurements and Evaluation,ACM,http://dblp.uni-trier.de/db/conf/performance/
计算机体系结构/并行与分布计算/存储系统,B,会议,ITC,International Test Conference,IEEE,http://dblp.uni-trier.de/db/conf/itc/
计算机体系结构/并行与分布计算/存储系统,B,会议,LISA,Large Installation System Administration Conference,USENIX,http://dblp.uni-trier.de/db/conf/lisa/
计算机体系结构/并行与分布计算/存储系统,B,会议,MSST,Mass Storage Systems and Technologies,IEEE,http://dblp.uni-trier.de/db/conf/mss/
计算机体系结构/并行与分布计算/存储系统,B,会议,RTAS,IEEE Real-Time and Embedded Technology and Applications Symposium,IEEE,http://dblp.uni-trier.de/db/conf/rtas/
计算机体系结构/并行与分布计算/存储系统,B,会议,Euro-Par,European Conference on Parallel and Distributed Computing,Springer,http://dblp.uni-trier.de/db/conf/europar/
计算机体系结构/并行与分布计算/存储系统,B,会议,ISCAS,IEEE International Symposium on Circuits and Systems,IEEE,http://dblp.uni-trier.de/db/conf/iscas/
计算机体系结构/并行与分布计算/存储系统,C,会议,CF,ACM International Conference on Computing Frontiers,ACM,http://dblp.uni-trier.de/db/conf/cf
计算机体系结构/并行与分布计算/存储系统,C,会议,SYSTOR,ACM International Systems and Storage Conference,ACM,http://dblp.uni-trier.de/db/conf/systor/index.html
计算机体系结构/并行与分布计算/存储系统,C,会议,NOCS,ACM/IEEE International Symposium on Networks-on-Chip,IEEE/ACM,http://dblp.uni-trier.de/db/conf/nocs
计算机体系结构/并行与分布计算/存储系统,C,会议,ASAP,IEEE International Conference on Application-Specific Systems Architectures and Processors,IEEE,http://dblp.uni-trier.de/db/conf/asap
计算机体系结构/并行与分布计算/存储系统,C,会议,ASP-DAC,Asia and South Pacific Design Automation Conference,IEEE/ACM,http://dblp.uni-trier.de/db/conf/aspdac
计算机体系结构/并行与分布计算/存储系统,C,会议,ETS,IEEE European Test Symposium,IEEE,http://dblp.uni-trier.de/db/conf/ets/
计算机体系结构/并行与分布计算/存储系统,C,会议,FPL,International Conference on Field-Programmable Logic and Applications,IEEE,http://dblp.uni-trier.de/db/conf/fpl/
计算机体系结构/并行与分布计算/存储系统,C,会议,FCCM,IEEE Symposium on Field-Programmable Custom Computing Machines,IEEE,http://dblp.uni-trier.de/db/conf/fccm/
计算机体系结构/并行与分布计算/存储系统,C,会议,GLSVLSI,Great Lakes Symposium on VLSI,IEEE/ACM,http://dblp.uni-trier.de/db/conf/glvlsi/
计算机体系结构/并行与分布计算/存储系统,C,会议,ATS,IEEE Asian Test Symposium,IEEE,http://dblp.uni-trier.de/db/conf/ats/
计算机体系结构/并行与分布计算/存储系统,C,会议,HPCC,IEEE International Conference on High Performance Computing and Communications,IEEE,http://dblp.uni-trier.de/db/conf/hpcc/
计算机体系结构/并行与分布计算/存储系统,C,会议,HiPC,IEEE International Conference on High Performance Computing Data and Analytics,IEEE/ACM,http://dblp.uni-trier.de/db/conf/hipc/index.html
计算机体系结构/并行与分布计算/存储系统,C,会议,MASCOTS,International Symposium on Modeling Analysis and Simulation of Computer and Telecommunication Systems,IEEE,http://dblp.uni-trier.de/db/conf/mascots/
计算机体系结构/并行与分布计算/存储系统,C,会议,ISPA,IEEE International Symposium on Parallel and Distributed Processing with Applications,IEEE,http://dblp.uni-trier.de/db/conf/ispa/
计算机体系结构/并行与分布计算/存储系统,C,会议,CCGRID,IEEE/ACM International Symposium on Cluster Cloud and Grid Computing,IEEE/ACM,http://dblp.uni-trier.de/db/conf/ccgrid/
计算机体系结构/并行与分布计算/存储系统,C,会议,NPC,IFIP International Conference on Network and Parallel Computing,Springer,http://dblp.uni-trier.de/db/conf/npc/
计算机体系结构/并行与分布计算/存储系统,C,会议,ICA3PP,International Conference on Algorithms and Architectures for Parallel Processing,IEEE,http://dblp.uni-trier.de/db/conf/ica3pp/
计算机体系结构/并行与分布计算/存储系统,C,会议,CASES,International Conference on Compilers Architectures and Synthesis for Embedded Systems,ACM,http://dblp.uni-trier.de/db/conf/cases/index.html
计算机体系结构/并行与分布计算/存储系统,C,会议,FPT,International Conference on Field-Programmable Technology,IEEE,http://dblp.uni-trier.de/db/conf/fpt/
计算机体系结构/并行与分布计算/存储系统,C,会议,ICPADS,International Conference on Parallel and Distributed Systems,IEEE,http://dblp.uni-trier.de/db/conf/icpads/
计算机体系结构/并行与分布计算/存储系统,C,会议,ISLPED,International Symposium on Low Power Electronics and Design,IEEE,http://dblp.uni-trier.de/db/conf/islped/
计算机体系结构/并行与分布计算/存储系统,C,会议,ISPD,International Symposium on Physical Design,ACM,http://dblp.uni-trier.de/db/conf/ispd/
计算机体系结构/并行与分布计算/存储系统,C,会议,HOTI,IEEE Symposium on High-Performance Interconnects,IEEE,http://dblp.uni-trier.de/db/conf/hoti/
计算机体系结构/并行与分布计算/存储系统,C,会议,VTS,IEEE VLSI Test Symposium,IEEE,http://dblp.uni-trier.de/db/conf/vts/
计算机体系结构/并行与分布计算/存储系统,C,会议,ITC-Asia,International Test Conference in Asia,IEEE,https://dblp.uni-trier.de/db/conf/itc-asia/
计算机体系结构/并行与分布计算/存储系统,C,会议,SEC,ACM/IEEE Symposium on Edge Computing,IEEE,https://dblp.uni-trier.de/db/conf/ieeesec/index.html
计算机体系结构/并行与分布计算/存储系统,C,会议,NAS,International Conference on Networking Architecture and Storages,IEEE,https://dblp.uni-trier.de/db/conf/nas/index.html
计算机体系结构/并行与分布计算/存储系统,C,会议,HotStorage,HotStorage,USENIX Association,https://dblp.uni-trier.de/db/conf/hotstorage/index.html
计算机体系结构/并行与分布计算/存储系统,C,会议,APPT,International Symposium on Advanced Parallel Processing Technology,Springer,https://dblp.uni-trier.de/db/conf/appt/index.html
计算机体系结构/并行与分布计算/存储系统,C,会议,JCC,International Conference on JointCloud Computing,CCF IEEE,
计算机网络,A,期刊,JSAC,IEEE Journal on Selected Areas in Communications,IEEE,http://dblp.uni-trier.de/db/journals/jsac/
计算机网络,A,期刊,TMC,IEEE Transactions on Mobile Computing,IEEE,http://dblp.uni-trier.de/db/journals/tmc/
计算机网络,A,期刊,TON,IEEE Transactions on Networking,IEEE,http://dblp.uni-trier.de/db/journals/ton/
计算机网络,B,期刊,TOIT,ACM Transactions on Internet Technology,ACM,http://dblp.uni-trier.de/db/journals/toit/
计算机网络,B,期刊,TOMM,ACM Transactions on Multimedia Computing Communications and Applications,ACM,http://dblp.uni-trier.de/db/journals/tomccap/
计算机网络,B,期刊,TOSN,ACM Transactions on Sensor Networks,ACM,http://dblp.uni-trier.de/db/journals/tosn/
计算机网络,B,期刊,CN,Computer Networks,Elsevier,http://dblp.uni-trier.de/db/journals/cn/
计算机网络,B,期刊,TCOM,IEEE Transactions on Communications,IEEE,http://dblp.uni-trier.de/db/journals/tcom/
计算机网络,B,期刊,TWC,IEEE Transactions on Wireless Communications,IEEE,http://dblp.uni-trier.de/db/journals/twc/
计算机网络,C,期刊,Ad Hoc Networks,Ad Hoc Networks,Elsevier,http://dblp.uni-trier.de/db/journals/adhoc/
计算机网络,C,期刊,CC,Computer Communications,Elsevier,http://dblp.uni-trier.de/db/journals/comcom/
计算机网络,C,期刊,TNSM,IEEE Transactions on Network and Service Management,IEEE,http://dblp.uni-trier.de/db/journals/tnsm/
计算机网络,C,期刊,IET Communications,IET Communications,IET,http://dblp.uni-trier.de/db/journals/iet-com/
计算机网络,C,期刊,JNCA,Journal of Network and Computer Applications,Elsevier,http://dblp.uni-trier.de/db/journals/jnca/
计算机网络,C,期刊,MONET,Mobile Networks and Applications,Springer,http://dblp.uni-trier.de/db/journals/monet/
计算机网络,C,期刊,Networks,Networks,Wiley,http://dblp.uni-trier.de/db/journals/networks/
计算机网络,C,期刊,PPNA,Peer-to-Peer Networking and Applications,Springer,http://dblp.uni-trier.de/db/journals/ppna/
计算机网络,C,期刊,WCMC,Wireless Communications and Mobile Computing,Wiley,http://dblp.uni-trier.de/db/journals/wicomm/
计算机网络,C,期刊,Wireless Networks,Wireless Networks,Springer,http://dblp.uni-trier.de/db/journals/winet/
计算机网络,C,期刊,IOT,IEEE Internet of Things Journal,IEEE,https://dblp.org/db/journals/iotj/index.html
计算机网络,C,期刊,TIOT,ACM Transactions on Internet of Things,ACM,https://dblp.uni-trier.de/db/journals/tiot/index.html
计算机网络,A,会议,SIGCOMM,ACM International Conference on Applications Technologies Architectures and Protocols for Computer Communication,ACM,http://dblp.uni-trier.de/db/conf/sigcomm/index.html
计算机网络,A,会议,MobiCom,ACM International Conference on Mobile Computing and Networking,ACM,http://dblp.uni-trier.de/db/conf/mobicom/
计算机网络,A,会议,INFOCOM,IEEE International Conference on Computer Communications,IEEE,http://dblp.uni-trier.de/db/conf/infocom/
计算机网络,A,会议,NSDI,Symposium on Network System Design and Implementation,USENIX,http://dblp.uni-trier.de/db/conf/nsdi/
计算机网络,B,会议,SenSys,ACM Conference on Embedded Networked Sensor Systems,ACM,http://dblp.uni-trier.de/db/conf/sensys/
计算机网络,B,会议,CoNEXT,ACM International Conference on Emerging Networking Experiments and Technologies,ACM,http://dblp.uni-trier.de/db/conf/conext/
计算机网络,B,会议,SECON,IEEE International Conference on Sensing Communication and Networking,IEEE,http://dblp.uni-trier.de/db/conf/secon/
计算机网络,B,会议,IPSN,International Conference on Information Processing in Sensor Networks,IEEE/ACM,http://dblp.uni-trier.de/db/conf/ipsn/
计算机网络,B,会议,MobiSys,ACM International Conference on Mobile Systems Applications and Services,ACM,http://dblp.uni-trier.de/db/conf/mobisys/
计算机网络,B,会议,ICNP,IEEE International Conference on Network Protocols,IEEE,http://dblp.uni-trier.de/db/conf/icnp/
计算机网络,B,会议,MobiHoc,International Symposium on Theory Algorithmic Foundations and Protocol Design for Mobile Networks and Mobile Computing,IEEE/ACM,http://dblp.uni-trier.de/db/conf/mobihoc/
计算机网络,B,会议,NOSSDAV,International Workshop on Network and Operating System Support for Digital Audio and Video,ACM,http://dblp.uni-trier.de/db/conf/nossdav/
计算机网络,B,会议,IWQoS,IEEE/ACM International Workshop on Quality of Service,IEEE,http://dblp.uni-trier.de/db/conf/iwqos/
计算机网络,B,会议,IMC,ACM Internet Measurement Conference,ACM/USENIX,http://dblp.uni-trier.de/db/conf/imc/
计算机网络,C,会议,ANCS,ACM/IEEE Symposium on Architectures for Networking and Communication Systems,IEEE/ACM,http://dblp.uni-trier.de/db/conf/ancs/
计算机网络,C,会议,APNOMS,Asia-Pacific Network Operations and Management Symposium,IFIP/IEEE,http://dblp.uni-trier.de/db/conf/apnoms/
计算机网络,C,会议,FORTE,International Conference on Formal Techniques for Distributed Objects Components and Systems,Springer,http://dblp.uni-trier.de/db/conf/forte/
计算机网络,C,会议,LCN,IEEE Conference on Local Computer Networks,IEEE,http://dblp.uni-trier.de/db/conf/lcn/
计算机网络,C,会议,GLOBECOM,IEEE Global Communications Conference,IEEE,http://dblp.uni-trier.de/db/conf/globecom/
计算机网络,C,会议,ICC,IEEE International Conference on Communications,IEEE,http://dblp.uni-trier.de/db/conf/icc/
计算机网络,C,会议,ICCCN,IEEE International Conference on Computer Communications and Networks,IEEE,http://dblp.uni-trier.de/db/conf/icccn/
计算机网络,C,会议,MASS,IEEE International Conference on Mobile Adhoc and Sensor Systems,IEEE,http://dblp.uni-trier.de/db/conf/mass/index.html
计算机网络,C,会议,P2P,IEEE International Conference on Peer-to-Peer Computing,IEEE,http://dblp.uni-trier.de/db/conf/p2p/
计算机网络,C,会议,IPCCC,IEEE International Performance Computing and Communications Conference,IEEE,http://dblp.uni-trier.de/db/conf/ipccc/
计算机网络,C,会议,WoWMoM,IEEE International Symposium on a World of Wireless Mobile and Multimedia Networks,IEEE,http://dblp.uni-trier.de/db/conf/wowmom/
计算机网络,C,会议,ISCC,IEEE Symposium on Computers and Communications,IEEE,http://dblp.uni-trier.de/db/conf/iscc/
计算机网络,C,会议,WCNC,IEEE Wireless Communications and Networking Conference,IEEE,http://dblp.uni-trier.de/db/conf/wcnc/
计算机网络,C,会议,Networking,IFIP International Conferences on Networking,IFIP,http://dblp.uni-trier.de/db/conf/networking/index.html
计算机网络,C,会议,IM,IFIP/IEEE International Symposium on Integrated Network Management,IFIP/IEEE,http://dblp.uni-trier.de/db/conf/im/index.html
计算机网络,C,会议,MSN,International Conference on Mobility Sensing and Networking,IEEE,https://dblp.uni-trier.de/db/conf/msn/
计算机网络,C,会议,MSWiM,International Conference on Modeling Analysis and Simulation of Wireless and Mobile Systems,ACM,http://dblp.uni-trier.de/db/conf/mswim/
计算机网络,C,会议,WASA,The International Conference on Wireless Artificial Intelligent Computing Systems and Applications,Springer,http://dblp.uni-trier.de/db/conf/wasa/
计算机网络,C,会议,HotNets,ACM The Workshop on Hot Topics in Networks,ACM,http://dblp.uni-trier.de/db/conf/hotnets/
计算机网络,C,会议,APNet,Asia-Pacific Workshop on Networking,ACM,https://dblp.org/db/conf/apnet/index.html
分类,级别,类型,简称,全称,出版社,网址
网络与信息安全,A,期刊,TDSC,IEEE Transactions on Dependable and Secure Computing,IEEE,http://dblp.uni-trier.de/db/journals/tdsc/
网络与信息安全,A,期刊,TIFS,IEEE Transactions on Information Forensics and Security,IEEE,http://dblp.uni-trier.de/db/journals/tifs/
网络与信息安全,A,期刊,Journal of Cryptology,Journal of Cryptology,Springer,http://dblp.uni-trier.de/db/journals/joc/
网络与信息安全,B,期刊,TOPS,ACM Transactions on Privacy and Security,ACM,https://dblp.org/db/journals/tissec/index.html
网络与信息安全,B,期刊,Computers & Security,Computers & Security,Elsevier,http://dblp.uni-trier.de/db/journals/compsec/
网络与信息安全,B,期刊,Designs Codes and Cryptography,Designs Codes and Cryptography,Springer,http://dblp.uni-trier.de/db/journals/dcc/
网络与信息安全,B,期刊,JCS,Journal of Computer Security,IOS Press,http://dblp.uni-trier.de/db/journals/jcs/
网络与信息安全,B,期刊,Cybersecurity,Cybersecurity,Springer,https://dblp.uni-trier.de/db/journals/cybersec/index.html
网络与信息安全,C,期刊,CLSR,Computer Law & Security Review,Elsevier,https://dblp.org/db/journals/clsr/index.html
网络与信息安全,C,期刊,EURASIP Journal on Information Security,EURASIP Journal on Information Security,Springer,http://dblp.uni-trier.de/db/journals/ejisec/
网络与信息安全,C,期刊,IET Information Security,IET Information Security,IET,http://dblp.uni-trier.de/db/journals/iet-ifs/
网络与信息安全,C,期刊,IMCS,Information and Computer Security,Emerald,http://dblp.uni-trier.de/db/journals/imcs/
网络与信息安全,C,期刊,IJICS,International Journal of Information and Computer Security,Inderscience,http://dblp.uni-trier.de/db/journals/ijics/
网络与信息安全,C,期刊,IJISP,International Journal of Information Security and Privacy,IGI Global,http://dblp.uni-trier.de/db/journals/ijisp/
网络与信息安全,C,期刊,JISA,Journal of Information Security and Applications,Elsevier,https://dblp.uni-trier.de/db/journals/istr/
网络与信息安全,C,期刊,SCN,Security and Communication Networks,Wiley,http://dblp.uni-trier.de/db/journals/scn/
网络与信息安全,C,期刊,HCC,High-Confidence Computing,Elsevier,https://www.journals.elsevier.com/high-confidence-computing
网络与信息安全,A,会议,CCS,ACM Conference on Computer and Communications Security,ACM,http://dblp.uni-trier.de/db/conf/ccs/
网络与信息安全,A,会议,EUROCRYPT,International Conference on the Theory and Applications of Cryptographic Techniques,Springer,http://dblp.uni-trier.de/db/conf/eurocrypt/
网络与信息安全,A,会议,S&P,IEEE Symposium on Security and Privacy,IEEE,http://dblp.uni-trier.de/db/conf/sp/
网络与信息安全,A,会议,CRYPTO,International Cryptology Conference,Springer,http://dblp.uni-trier.de/db/conf/crypto/
网络与信息安全,A,会议,USENIX Security,USENIX Security Symposium,USENIX Association,http://dblp.uni-trier.de/db/conf/uss/
网络与信息安全,A,会议,NDSS,Network and Distributed System Security Symposium,ISOC,http://dblp.uni-trier.de/db/conf/ndss/
网络与信息安全,B,会议,ACSAC,Annual Computer Security Applications Conference,IEEE,https://dblp.uni-trier.de/db/conf/ascac/index.html
网络与信息安全,B,会议,ASIACRYPT,Annual International Conference on the Theory and Application of Cryptology and Information Security,Springer,https://dblp.uni-trier.de/db/conf/asiacrypt/index.html
网络与信息安全,B,会议,ESORICS,European Symposium on Research in Computer Security,Springer,https://dblp.uni-trier.de/db/conf/esorics/index.html
网络与信息安全,B,会议,FSE,Fast Software Encryption,Springer,https://dblp.uni-trier.de/db/conf/fse/index.html
网络与信息安全,B,会议,CSFW,IEEE Computer Security Foundations Workshop,IEEE,https://dblp.uni-trier.de/db/conf/csfw/index.html
网络与信息安全,B,会议,SRDS,IEEE International Symposium on Reliable Distributed Systems,IEEE,https://dblp.uni-trier.de/db/conf/srds/index.html
网络与信息安全,B,会议,CHES,International Conference on Cryptographic Hardware and Embedded Systems,Springer,https://dblp.uni-trier.de/db/conf/ches/index.html
网络与信息安全,B,会议,DSN,International Conference on Dependable Systems and Networks,IEEE/IFIP,https://dblp.uni-trier.de/db/conf/dsn/index.html
网络与信息安全,B,会议,RAID,International Symposium on Recent Advances in Intrusion Detection,Springer,https://dblp.uni-trier.de/db/conf/raid/index.html
网络与信息安全,B,会议,PKC,International Workshop on Practice and Theory in Public Key Cryptography,Springer,https://dblp.uni-trier.de/db/conf/pkc/index.html
网络与信息安全,B,会议,TCC,Theory of Cryptography Conference,Springer,https://dblp.uni-trier.de/db/conf/tcc/index.html
网络与信息安全,C,会议,WiSec,ACM Conference on Security and Privacy in Wireless and Mobile Networks,ACM,http://dblp.uni-trier.de/db/conf/wisec/
网络与信息安全,C,会议,SACMAT,ACM Symposium on Access Control Models and Technologies,ACM,http://dblp.uni-trier.de/db/conf/sacmat/
网络与信息安全,C,会议,DRM,ACM Workshop on Digital Rights Management,ACM,http://dblp.uni-trier.de/db/conf/drm/
网络与信息安全,C,会议,IH&MMSec,ACM Workshop on Information Hiding and Multimedia Security,ACM,http://dblp.uni-trier.de/db/conf/ih/
网络与信息安全,C,会议,ACNS,International Conference on Applied Cryptography and Network Security,Springer,http://dblp.uni-trier.de/db/conf/acns/
网络与信息安全,C,会议,AsiaCCS,ACM Asia Conference on Computer and Communications Security,ACM,http://dblp.uni-trier.de/db/conf/ccs/
网络与信息安全,C,会议,ACISP,Australasia Conference on Information Security and Privacy,Springer,http://dblp.uni-trier.de/db/conf/acisp/
网络与信息安全,C,会议,CT-RSA,The Cryptographer's Track at RSA Conference,Springer,http://dblp.uni-trier.de/db/conf/ctrsa/
网络与信息安全,C,会议,DIMVA,Conference on Detection of Intrusions and Malware & Vulnerability Assessment,Springer,http://dblp.uni-trier.de/db/conf/dimva/
网络与信息安全,C,会议,DFRWS,Digital Forensic Research Workshop,Elsevier,http://dblp.uni-trier.de/db/conf/dfrws/
网络与信息安全,C,会议,FC,Financial Cryptography and Data Security,Springer,http://dblp.uni-trier.de/db/conf/fc/
网络与信息安全,C,会议,TrustCom,IEEE International Conference on Trust Security and Privacy in Computing and Communications,IEEE,http://dblp.uni-trier.de/db/conf/trustcom/
网络与信息安全,C,会议,SEC,IFIP International Information Security Conference,Springer,http://dblp.uni-trier.de/db/conf/sec/
软件工程/系统软件/程序设计语言,A,期刊,TOPLAS,ACM Transactions on Programming Languages and Systems,ACM,http://dblp.uni-trier.de/db/journals/toplas/
软件工程/系统软件/程序设计语言,A,期刊,TOSEM,ACM Transactions on Software Engineering and Methodology,ACM,http://dblp.uni-trier.de/db/journals/tosem/
软件工程/系统软件/程序设计语言,A,期刊,TSE,IEEE Transactions on Software Engineering,IEEE,http://dblp.uni-trier.de/db/journals/tse/
软件工程/系统软件/程序设计语言,A,期刊,TSC,IEEE Transactions on Services Computing,IEEE,http://dblp.uni-trier.de/db/journals/tsc/
软件工程/系统软件/程序设计语言,B,期刊,ASE,Automated Software Engineering,Springer,http://dblp.uni-trier.de/db/journals/ase/
软件工程/系统软件/程序设计语言,B,期刊,ESE,Empirical Software Engineering,Springer,http://dblp.uni-trier.de/db/journals/ese/
软件工程/系统软件/程序设计语言,B,期刊,IETS,IET Software,IET,https://dblp.uni-trier.de/db/journals/iet-sen/
软件工程/系统软件/程序设计语言,B,期刊,IST,Information and Software Technology,Elsevier,http://dblp.uni-trier.de/db/journals/infosof/index.html
软件工程/系统软件/程序设计语言,B,期刊,JFP,Journal of Functional Programming,Cambridge University Press,http://dblp.uni-trier.de/db/journals/jfp/
软件工程/系统软件/程序设计语言,B,期刊,Journal of Software: Evolution and Process,Journal of Software: Evolution and Process,Wiley,http://dblp.uni-trier.de/db/journals/smr/
软件工程/系统软件/程序设计语言,B,期刊,JSS,Journal of Systems and Software,Elsevier,http://dblp.uni-trier.de/db/journals/jss/
软件工程/系统软件/程序设计语言,B,期刊,RE,Requirements Engineering,Springer,http://dblp.uni-trier.de/db/journals/re/
软件工程/系统软件/程序设计语言,B,期刊,SCP,Science of Computer Programming,Elsevier,http://dblp.uni-trier.de/db/journals/scp/
软件工程/系统软件/程序设计语言,B,期刊,SoSyM,Software and Systems Modeling,Springer,http://dblp.uni-trier.de/db/journals/sosym/
软件工程/系统软件/程序设计语言,B,期刊,STVR,Software Testing Verification and Reliability,Wiley,http://dblp.uni-trier.de/db/journals/stvr/index.html
软件工程/系统软件/程序设计语言,B,期刊,SPE,Software: Practice and Experience,Wiley,http://dblp.uni-trier.de/db/journals/spe/
软件工程/系统软件/程序设计语言,C,期刊,CL,Computer Languages Systems and Structures,Elsevier,http://dblp.uni-trier.de/db/journals/cl/index.html
软件工程/系统软件/程序设计语言,C,期刊,IJSEKE,International Journal of Software Engineering and Knowledge Engineering,World Scientific,http://dblp.uni-trier.de/db/journals/ijseke/index.html
软件工程/系统软件/程序设计语言,C,期刊,STTT,International Journal of Software Tools for Technology Transfer,Springer,http://dblp.uni-trier.de/db/journals/sttt/
软件工程/系统软件/程序设计语言,C,期刊,JLAMP,Journal of Logical and Algebraic Methods in Programming,Elsevier,https://dblp.uni-trier.de/db/journals/jlap/index.html
软件工程/系统软件/程序设计语言,C,期刊,JWE,Journal of Web Engineering,Rinton Press,http://dblp.uni-trier.de/db/journals/jwe/
软件工程/系统软件/程序设计语言,C,期刊,SOCA,Service Oriented Computing and Applications,Springer,http://dblp.uni-trier.de/db/journals/soca/
软件工程/系统软件/程序设计语言,C,期刊,SQJ,Software Quality Journal,Springer,http://dblp.uni-trier.de/db/journals/sqj/
软件工程/系统软件/程序设计语言,C,期刊,TPLI,Theory and Practice of Logic Programming,Cambridge University Press,http://dblp.uni-trier.de/db/journals/tplp/
软件工程/系统软件/程序设计语言,C,期刊,PACMPL,Proceedings of the ACM on Programming Languages,ACM,https://dblp.org/db/journals/pacmpl/index.html
软件工程/系统软件/程序设计语言,A,会议,PLDI,ACM SIGPLAN Conference on Programming Language Design and Implementation,ACM,http://dblp.uni-trier.de/db/conf/pldi/
软件工程/系统软件/程序设计语言,A,会议,POPL,ACM SIGPLAN-SIGACT Symposium on Principles of Programming Languages,ACM,http://dblp.uni-trier.de/db/conf/popl/
软件工程/系统软件/程序设计语言,A,会议,FSE,ACM International Conference on the Foundations of Software Engineering,ACM,http://dblp.uni-trier.de/db/conf/sigsoft/
软件工程/系统软件/程序设计语言,A,会议,SOSP,ACM Symposium on Operating Systems Principles,ACM,http://dblp.uni-trier.de/db/conf/sosp/
软件工程/系统软件/程序设计语言,A,会议,OOPSLA,Conference on Object-Oriented Programming Systems Languages and Applications,ACM,http://dblp.uni-trier.de/db/conf/oopsla/
软件工程/系统软件/程序设计语言,A,会议,ASE,International Conference on Automated Software Engineering,IEEE/ACM,http://dblp.uni-trier.de/db/conf/kbse/
软件工程/系统软件/程序设计语言,A,会议,ICSE,International Conference on Software Engineering,IEEE/ACM,http://dblp.uni-trier.de/db/conf/icse/
软件工程/系统软件/程序设计语言,A,会议,ISSTA,International Symposium on Software Testing and Analysis,ACM,http://dblp.uni-trier.de/db/conf/issta/
软件工程/系统软件/程序设计语言,A,会议,OSDI,USENIX Symposium on Operating Systems Design and Implementation,USENIX,http://dblp.uni-trier.de/db/conf/osdi/
软件工程/系统软件/程序设计语言,A,会议,FM,International Symposium on Formal Methods,FME,http://dblp.uni-trier.de/db/conf/fm/
软件工程/系统软件/程序设计语言,B,会议,ECOOP,European Conference on Object-Oriented Programming,AITO,http://dblp.uni-trier.de/db/conf/ecoop/
软件工程/系统软件/程序设计语言,B,会议,ETAPS,European Joint Conferences on Theory and Practice of Software,Springer,http://dblp.uni-trier.de/db/conf/etaps/
软件工程/系统软件/程序设计语言,B,会议,ICPC,IEEE International Conference on Program Comprehension,IEEE,http://dblp.uni-trier.de/db/conf/iwpc/
软件工程/系统软件/程序设计语言,B,会议,RE,IEEE International Requirements Engineering Conference,IEEE,http://dblp.uni-trier.de/db/conf/re/
软件工程/系统软件/程序设计语言,B,会议,CAiSE,International Conference on Advanced Information Systems Engineering,Springer,http://dblp.uni-trier.de/db/conf/caise/
软件工程/系统软件/程序设计语言,B,会议,ICFP,ACM SIGPLAN International Conference on Function Programming,ACM,http://dblp.uni-trier.de/db/conf/icfp/
软件工程/系统软件/程序设计语言,B,会议,LCTES,ACM SIGPLAN/SIGBED International Conference on Languages Compilers and Tools for Embedded Systems,ACM,http://dblp.uni-trier.de/db/conf/lctrts/
软件工程/系统软件/程序设计语言,B,会议,MoDELS,ACM/IEEE International Conference on Model Driven Engineering Languages and Systems,IEEE/ACM,http://dblp.uni-trier.de/db/conf/models/
软件工程/系统软件/程序设计语言,B,会议,CP,International Conference on Principles and Practice of Constraint Programming,Springer,http://dblp.uni-trier.de/db/conf/cp/
软件工程/系统软件/程序设计语言,B,会议,ICSOC,International Conference on Service Oriented Computing,Springer,http://dblp.uni-trier.de/db/conf/icsoc/
软件工程/系统软件/程序设计语言,B,会议,SANER,IEEE International Conference on Software Analysis Evolution and Reengineering,IEEE,http://dblp.uni-trier.de/db/conf/wcre/
软件工程/系统软件/程序设计语言,B,会议,ICSME,International Conference on Software Maintenance and Evolution,IEEE,http://dblp.uni-trier.de/db/conf/icsm/
软件工程/系统软件/程序设计语言,B,会议,VMCAI,International Conference on Verification Model Checking and Abstract Interpretation,Springer,http://dblp.uni-trier.de/db/conf/vmcai/
软件工程/系统软件/程序设计语言,B,会议,ICWS,IEEE International Conference on Web Services,IEEE,http://dblp.uni-trier.de/db/conf/icws/
软件工程/系统软件/程序设计语言,B,会议,Middleware,International Middleware Conference,ACM/IFIP/USENIX,http://dblp.uni-trier.de/db/conf/middleware/
软件工程/系统软件/程序设计语言,B,会议,SAS,International Static Analysis Symposium,Springer,http://dblp.uni-trier.de/db/conf/sas/
软件工程/系统软件/程序设计语言,B,会议,ESEM,International Symposium on Empirical Software Engineering and Measurement,IEEE/ACM,http://dblp.uni-trier.de/db/conf/esem/
软件工程/系统软件/程序设计语言,B,会议,ISSRE,IEEE International Symposium on Software Reliability Engineering,IEEE,http://dblp.uni-trier.de/db/conf/issre/
软件工程/系统软件/程序设计语言,B,会议,HotOS,USENIX Workshop on Hot Topics in Operating Systems,USENIX,http://dblp.uni-trier.de/db/conf/hotos/
软件工程/系统软件/程序设计语言,B,会议,CC,International Conference on Compiler Construction,ACM,https://dblp.uni-trier.de/db/conf/cc/index.html
软件工程/系统软件/程序设计语言,C,会议,PEPM,ACM SIGPLAN Workshop on Partial Evaluation and Program Manipulation,ACM,http://dblp.uni-trier.de/db/conf/pepm/
软件工程/系统软件/程序设计语言,C,会议,PASTE,ACM SIGPLAN-SIGSOFT Workshop on Program Analysis for Software Tools and Engineering,ACM,http://dblp.uni-trier.de/db/conf/paste/
软件工程/系统软件/程序设计语言,C,会议,APLAS,Asian Symposium on Programming Languages and Systems,Springer,http://dblp.uni-trier.de/db/conf/aplas/
软件工程/系统软件/程序设计语言,C,会议,APSEC,Asia-Pacific Software Engineering Conference,IEEE,http://dblp.uni-trier.de/db/conf/apsec/
软件工程/系统软件/程序设计语言,C,会议,EASE,International Conference on Evaluation and Assessment in Software Engineering,ACM,http://dblp.uni-trier.de/db/conf/ease/
软件工程/系统软件/程序设计语言,C,会议,ICECCS,International Conference on Engineering of Complex Computer Systems,IEEE,http://dblp.uni-trier.de/db/conf/iceccs/
软件工程/系统软件/程序设计语言,C,会议,ICST,IEEE International Conference on Software Testing Verification and Validation,IEEE,http://dblp.uni-trier.de/db/conf/icst/
软件工程/系统软件/程序设计语言,C,会议,ISPASS,IEEE International Symposium on Performance Analysis of Systems and Software,IEEE,http://dblp.uni-trier.de/db/conf/ispass/
软件工程/系统软件/程序设计语言,C,会议,SCAM,IEEE International Working Conference on Source Code Analysis and Manipulation,IEEE,http://dblp.uni-trier.de/db/conf/scam/
软件工程/系统软件/程序设计语言,C,会议,COMPSAC,International Computer Software and Applications Conference,IEEE,http://dblp.uni-trier.de/db/conf/compsac/
软件工程/系统软件/程序设计语言,C,会议,ICFEM,International Conference on Formal Engineering Methods,Springer,http://dblp.uni-trier.de/db/conf/icfem/
软件工程/系统软件/程序设计语言,C,会议,SSE,IEEE International Conference on Software Services Engineering,IEEE,http://dblp.uni-trier.de/db/conf/IEEEscc/
软件工程/系统软件/程序设计语言,C,会议,ICSSP,International Conference on Software and System Process,ACM,https://dblp.uni-trier.de/db/conf/ispw/index.html
软件工程/系统软件/程序设计语言,C,会议,SEKE,International Conference on Software Engineering and Knowledge Engineering,KSI,http://dblp.uni-trier.de/db/conf/seke/
软件工程/系统软件/程序设计语言,C,会议,QRS,International Conference on Software Quality Reliability and Security,IEEE,https://dblp.uni-trier.de/db/conf/qrs/
软件工程/系统软件/程序设计语言,C,会议,ICSR,International Conference on Software Reuse,Springer,http://dblp.uni-trier.de/db/conf/icsr/
软件工程/系统软件/程序设计语言,C,会议,ICWE,International Conference on Web Engineering,Springer,http://dblp.uni-trier.de/db/conf/icwe/
软件工程/系统软件/程序设计语言,C,会议,SPIN,International Symposium on Model Checking of Software,Springer,http://dblp.uni-trier.de/db/conf/spin/index.html
软件工程/系统软件/程序设计语言,C,会议,ATVA,International Symposium on Automated Technology for Verification and Analysis,Springer,http://dblp.uni-trier.de/db/conf/atva/
软件工程/系统软件/程序设计语言,C,会议,LOPSTR,International Symposium on Logic-based Program Synthesis and Transformation,Springer,http://dblp.uni-trier.de/db/conf/lopstr/
软件工程/系统软件/程序设计语言,C,会议,TASE,Theoretical Aspects of Software Engineering Conference,IEEE,http://dblp.uni-trier.de/db/conf/tase/
软件工程/系统软件/程序设计语言,C,会议,MSR,Mining Software Repositories,IEEE/ACM,http://dblp.uni-trier.de/db/conf/msr/
软件工程/系统软件/程序设计语言,C,会议,REFSQ,Requirements Engineering: Foundation for Software Quality,Springer,http://dblp.uni-trier.de/db/conf/refsq/
软件工程/系统软件/程序设计语言,C,会议,WICSA,Working IEEE/IFIP Conference on Software Architecture,IEEE,http://dblp.uni-trier.de/db/conf/wicsa/
软件工程/系统软件/程序设计语言,C,会议,Internetware,Asia-Pacific Symposium on Internetware,ACM,https://dblp.org/db/conf/internetware/index.html
软件工程/系统软件/程序设计语言,C,会议,RV,International Conference on Runtime Verification,Springer,https://dblp.org/db/conf/rv/index.html
软件工程/系统软件/程序设计语言,C,会议,MEMOCODE,International Conference on Formal Methods and Models for Co-Design,IEEE/ACM,https://dblp.uni-trier.de/db/conf/memoocode/index.html
数据库/数据挖掘/内容检索,A,期刊,TODS,ACM Transactions on Database Systems,ACM,http://dblp.uni-trier.de/db/journals/tods/
数据库/数据挖掘/内容检索,A,期刊,TOIS,ACM Transactions on Information Systems,ACM,http://dblp.uni-trier.de/db/journals/tois/
数据库/数据挖掘/内容检索,A,期刊,TKDE,IEEE Transactions on Knowledge and Data Engineering,IEEE,http://dblp.uni-trier.de/db/journals/tkde/
数据库/数据挖掘/内容检索,A,期刊,VLDBJ,The VLDB Journal,Springer,http://dblp.uni-trier.de/db/journals/vldb/
数据库/数据挖掘/内容检索,B,期刊,TKDD,ACM Transactions on Knowledge Discovery from Data,ACM,http://dblp.uni-trier.de/db/journals/tkdd/
数据库/数据挖掘/内容检索,B,期刊,TWEB,ACM Transactions on the Web,ACM,http://dblp.uni-trier.de/db/journals/tweb/
数据库/数据挖掘/内容检索,B,期刊,AEI,Advanced Engineering Informatics,Elsevier,http://dblp.uni-trier.de/db/journals/aei/
数据库/数据挖掘/内容检索,B,期刊,DKE,Data & Knowledge Engineering,Elsevier,http://dblp.uni-trier.de/db/journals/dke/
数据库/数据挖掘/内容检索,B,期刊,DMKD,Data Mining and Knowledge Discovery,Springer,http://dblp.uni-trier.de/db/journals/datamine/
数据库/数据挖掘/内容检索,B,期刊,EJIS,European Journal of Information Systems,Springer,http://dblp.uni-trier.de/db/journals/ejis/
数据库/数据挖掘/内容检索,B,期刊,GeoInformatica,GeoInformatica,Springer,http://dblp.uni-trier.de/db/journals/geoinformatica/
数据库/数据挖掘/内容检索,B,期刊,IPM,Information Processing and Management,Elsevier,http://dblp.uni-trier.de/db/journals/ipm/
数据库/数据挖掘/内容检索,B,期刊,Information Sciences,Information Sciences,Elsevier,http://dblp.uni-trier.de/db/journals/isc/
数据库/数据挖掘/内容检索,B,期刊,IS,Information Systems,Elsevier,http://dblp.uni-trier.de/db/journals/is/
数据库/数据挖掘/内容检索,B,期刊,JASIST,Journal of the Association for Information Science and Technology,Wiley,http://dblp.uni-trier.de/db/journals/jasis/
数据库/数据挖掘/内容检索,B,期刊,JWS,Journal of Web Semantics,Elsevier,http://dblp.uni-trier.de/db/journals/jws/
数据库/数据挖掘/内容检索,B,期刊,KAIS,Knowledge and Information Systems,Springer,http://dblp.uni-trier.de/db/journals/kais/
数据库/数据挖掘/内容检索,B,期刊,DSE,Data Science and Engineering,CCF Springer Nature,https://dblp.org/db/journals/dase/index.html
数据库/数据挖掘/内容检索,C,期刊,DPD,Distributed and Parallel Databases,Springer,http://dblp.uni-trier.de/db/journals/dpd/
数据库/数据挖掘/内容检索,C,期刊,I&M,Information & Management,Elsevier,http://dblp.uni-trier.de/db/journals/iam/
数据库/数据挖掘/内容检索,C,期刊,IPL,Information Processing Letters,Elsevier,http://dblp.uni-trier.de/db/journals/ipl/
数据库/数据挖掘/内容检索,C,期刊,Discover Computing,Discover Computing,Springer,http://dblp.uni-trier.de/db/journals/ir/
数据库/数据挖掘/内容检索,C,期刊,IJCIS,International Journal of Cooperative Information Systems,World Scientific,http://dblp.uni-trier.de/db/journals/ijcis/
数据库/数据挖掘/内容检索,C,期刊,IJGIS,International Journal of Geographical Information Science,Taylor & Francis,http://dblp.uni-trier.de/db/journals/gis/
数据库/数据挖掘/内容检索,C,期刊,IJIS,International Journal of Intelligent Systems,Wiley,http://dblp.uni-trier.de/db/journals/ijis/
数据库/数据挖掘/内容检索,C,期刊,IJKM,International Journal of Knowledge Management,IGI,http://dblp.uni-trier.de/db/journals/ijkm/
数据库/数据挖掘/内容检索,C,期刊,IJSWIS,International Journal on Semantic Web and Information Systems,IGI,http://dblp.uni-trier.de/db/journals/ijswis/
数据库/数据挖掘/内容检索,C,期刊,JCIS,Journal of Computer Information Systems,IACIS,http://dblp.uni-trier.de/db/journals/jcis/
数据库/数据挖掘/内容检索,C,期刊,JDM,Journal of Database Management,IGI-Global,http://dblp.uni-trier.de/db/journals/jdm/
数据库/数据挖掘/内容检索,C,期刊,JGITM,Journal of Global Information Technology Management,Ivy League Publishing,https://dblp.org/db/journals/jgim/index.html
数据库/数据挖掘/内容检索,C,期刊,JIIS,Journal of Intelligent Information Systems,Springer,http://dblp.uni-trier.de/db/journals/jiiis/
数据库/数据挖掘/内容检索,C,期刊,JSIS,The Journal of Strategic Information Systems,Elsevier,http://dblp.uni-trier.de/db/journals/jsis/
数据库/数据挖掘/内容检索,C,期刊,TIST,ACM Transactions on Intelligent Systems and Technology,ACM,https://dblp.uni-trier.de/db/journals/tist/index.html
数据库/数据挖掘/内容检索,C,期刊,TORS,ACM Transactions on Recommender Systems,ACM,https://dblp.uni-trier.de/db/journals/tors/index.html
数据库/数据挖掘/内容检索,A,会议,SIGMOD,ACM SIGMOD Conference,ACM,http://dblp.uni-trier.de/db/conf/sigmod/
数据库/数据挖掘/内容检索,A,会议,SIGKDD,ACM SIGKDD Conference on Knowledge Discovery and Data Mining,ACM,http://dblp.uni-trier.de/db/conf/kdd/
数据库/数据挖掘/内容检索,A,会议,ICDE,IEEE International Conference on Data Engineering,IEEE,http://dblp.uni-trier.de/db/conf/icde/
数据库/数据挖掘/内容检索,A,会议,SIGIR,International ACM SIGIR Conference on Research and Development in Information Retrieval,ACM,http://dblp.uni-trier.de/db/conf/sigir/
数据库/数据挖掘/内容检索,A,会议,VLDB,International Conference on Very Large Data Bases,Morgan Kaufmann/ACM,http://dblp.uni-trier.de/db/conf/vldb/
数据库/数据挖掘/内容检索,B,会议,CIKM,ACM International Conference on Information and Knowledge Management,ACM,http://dblp.uni-trier.de/db/conf/cikm/
数据库/数据挖掘/内容检索,B,会议,WSDM,ACM International Conference on Web Search and Data Mining,ACM,http://dblp.uni-trier.de/db/conf/wsdm/
数据库/数据挖掘/内容检索,B,会议,PODS,ACM SIGMOD-SIGACT-SIGAI Symposium on Principles of Database Systems,ACM,http://dblp.uni-trier.de/db/conf/pods/
数据库/数据挖掘/内容检索,B,会议,DASFAA,International Conference on Database Systems for Advanced Applications,Springer,http://dblp.uni-trier.de/db/conf/dasfaa/
数据库/数据挖掘/内容检索,B,会议,ECML-PKDD,European Conference on Machine Learning and Principles and Practice of Knowledge Discovery in Databases,Springer,http://dblp.uni-trier.de/db/conf/ecml/ http://dblp.uni-trier.de/db/conf/pkdd/
数据库/数据挖掘/内容检索,B,会议,ISWC,IEEE International Semantic Web Conference,IEEE,http://dblp.uni-trier.de/db/conf/semweb/
数据库/数据挖掘/内容检索,B,会议,ICDM,IEEE International Conference on Data Mining,IEEE,http://dblp.uni-trier.de/db/conf/icdm/
数据库/数据挖掘/内容检索,B,会议,ICDT,International Conference on Database Theory,Springer,http://dblp.uni-trier.de/db/conf/icdt/
数据库/数据挖掘/内容检索,B,会议,EDBT,International Conference on Extending Database Technology,Springer,http://dblp.uni-trier.de/db/conf/edbt/
数据库/数据挖掘/内容检索,B,会议,CIDR,Conference on Innovative Data Systems Research,Online Proceeding,http://dblp.uni-trier.de/db/conf/cidr/
数据库/数据挖掘/内容检索,B,会议,SDM,SIAM International Conference on Data Mining,SIAM,http://dblp.uni-trier.de/db/conf/sdm/
数据库/数据挖掘/内容检索,B,会议,RecSys,ACM Conference on Recommender Systems,ACM,https://dblp.org/db/conf/recsys/index.html
数据库/数据挖掘/内容检索,B,会议,WISE,Web Information Systems Engineering Conference,Springer,http://dblp.uni-trier.de/db/conf/wise/
数据库/数据挖掘/内容检索,C,会议,APWeb,Asia Pacific Web Conference,Springer,http://dblp.uni-trier.de/db/conf/apweb/
数据库/数据挖掘/内容检索,C,会议,DEXA,International Conference on Database and Expert System Applications,Springer,http://dblp.uni-trier.de/db/conf/dexa/
数据库/数据挖掘/内容检索,C,会议,ECIR,European Conference on Information Retrieval,Springer,http://dblp.uni-trier.de/db/conf/ecir/
数据库/数据挖掘/内容检索,C,会议,ESWC,Extended Semantic Web Conference,Springer,http://dblp.uni-trier.de/db/conf/esws/
数据库/数据挖掘/内容检索,C,会议,WebDB,International Workshop on Web and Databases,ACM,http://dblp.uni-trier.de/db/conf/webdb/
数据库/数据挖掘/内容检索,C,会议,ER,International Conference on Conceptual Modeling,Springer,http://dblp.uni-trier.de/db/conf/er/
数据库/数据挖掘/内容检索,C,会议,MDM,International Conference on Mobile Data Management,IEEE,http://dblp.uni-trier.de/db/conf/mdm/
数据库/数据挖掘/内容检索,C,会议,SSDBM,International Conference on Scientific and Statistical Database Management,IEEE,http://dblp.uni-trier.de/db/conf/ssdbm/
数据库/数据挖掘/内容检索,C,会议,WAIM,International Conference on Web Age Information Management,Springer,http://dblp.uni-trier.de/db/conf/waim/
数据库/数据挖掘/内容检索,C,会议,SSTD,International Symposium on Spatial and Temporal Databases,Springer,https://dblp.uni-trier.de/db/conf/ssd/index.html
数据库/数据挖掘/内容检索,C,会议,PAKDD,Pacific-Asia Conference on Knowledge Discovery and Data Mining,Springer,http://dblp.uni-trier.de/db/conf/pakdd/
数据库/数据挖掘/内容检索,C,会议,ADMA,International Conference on Advanced Data Mining and Applications,Springer,https://dblp.org/db/conf/adma/index.html
数据库/数据挖掘/内容检索,C,会议,WISA,Web Information Systems and Applications,Springer,https://dblp.uni-trier.de/db/conf/IEEEwisa/index.html
计算机科学理论,A,期刊,TIT,IEEE Transactions on Information Theory,IEEE,http://dblp.uni-trier.de/db/journals/tit/
计算机科学理论,A,期刊,IANDC,Information and Computation,Elsevier,http://dblp.uni-trier.de/db/journals/iandc/
计算机科学理论,A,期刊,SICOMP,SIAM Journal on Computing,SIAM,http://dblp.uni-trier.de/db/journals/siamcomp/
计算机科学理论,B,期刊,TALG,ACM Transactions on Algorithms,ACM,http://dblp.uni-trier.de/db/journals/talg/
计算机科学理论,B,期刊,TOCL,ACM Transactions on Computational Logic,ACM,http://dblp.uni-trier.de/db/journals/tocl/
计算机科学理论,B,期刊,TOMS,ACM Transactions on Mathematical Software,ACM,http://dblp.uni-trier.de/db/journals/toms/
计算机科学理论,B,期刊,Algorithmica,Algorithmica,Springer,http://dblp.uni-trier.de/db/journals/algorithmica/
计算机科学理论,B,期刊,CC,Computational Complexity,Springer,http://dblp.uni-trier.de/db/journals/cc/
计算机科学理论,B,期刊,FAC,Formal Aspects of Computing,Springer,http://dblp.uni-trier.de/db/journals/fac/
计算机科学理论,B,期刊,FMSD,Formal Methods in System Design,Springer,http://dblp.uni-trier.de/db/journals/fmsd/
计算机科学理论,B,期刊,INFORMS Journal on Computing,INFORMS Journal on Computing,INFORMS,http://dblp.uni-trier.de/db/journals/informs/
计算机科学理论,B,期刊,JCSS,Journal of Computer and System Sciences,Elsevier,http://dblp.uni-trier.de/db/journals/jcss/
计算机科学理论,B,期刊,JGO,Journal of Global Optimization,Springer,http://dblp.uni-trier.de/db/journals/jgo/
计算机科学理论,B,期刊,JSC,Journal of Symbolic Computation,Elsevier,http://dblp.uni-trier.de/db/journals/jsc/
计算机科学理论,B,期刊,MSCS,Mathematical Structures in Computer Science,Cambridge University Press,http://dblp.uni-trier.de/db/journals/mscs/
计算机科学理论,B,期刊,TCS,Theoretical Computer Science,Elsevier,http://dblp.uni-trier.de/db/journals/tcs/
计算机科学理论,C,期刊,ACTA,Acta Informatica,Springer,http://dblp.uni-trier.de/db/journals/acta/
计算机科学理论,C,期刊,APAL,Annals of Pure and Applied Logic,Elsevier,http://dblp.uni-trier.de/db/journals/apal/
计算机科学理论,C,期刊,DAM,Discrete Applied Mathematics,Elsevier,http://dblp.uni-trier.de/db/journals/dam/
计算机科学理论,C,期刊,FUIN,Fundamenta Informaticae,IOS Press,http://dblp.uni-trier.de/db/journals/fuin/
计算机科学理论,C,期刊,IPL,Information Processing Letters,Elsevier,http://dblp.uni-trier.de/db/journals/ipl/
计算机科学理论,C,期刊,JCOMPLEXITY,Journal of Complexity,Elsevier,http://dblp.uni-trier.de/db/journals/jc/
计算机科学理论,C,期刊,LOGCOM,Journal of Logic and Computation,Oxford University Press,http://dblp.uni-trier.de/db/journals/logcom/
计算机科学理论,C,期刊,JSL,The Journal of Symbolic Logic,Association for Symbolic Logic,http://dblp.uni-trier.de/db/journals/jsyml/
计算机科学理论,C,期刊,LMCS,Logical Methods in Computer Science,LMCS,http://dblp.uni-trier.de/db/journals/lmcs/
计算机科学理论,C,期刊,SIDMA,SIAM Journal on Discrete Mathematics,SIAM,http://dblp.uni-trier.de/db/journals/siamdm/
计算机科学理论,C,期刊,Theory of Computing Systems,Theory of Computing Systems,Springer,http://dblp.uni-trier.de/db/journals/mst/
计算机科学理论,C,期刊,TQC,ACM Transactions in Quantum Computing,ACM,https://dblp.org/db/journals/tqc/index.html
计算机科学理论,A,会议,STOC,ACM Symposium on the Theory of Computing,ACM,http://dblp.uni-trier.de/db/conf/stoc/
计算机科学理论,A,会议,SODA,ACM-SIAM Symposium on Discrete Algorithms,SIAM,http://dblp.uni-trier.de/db/conf/soda/
计算机科学理论,A,会议,CAV,International Conference on Computer Aided Verification,Springer,http://dblp.uni-trier.de/db/conf/cav/
计算机科学理论,A,会议,FOCS,IEEE Annual Symposium on Foundations of Computer Science,IEEE,http://dblp.uni-trier.de/db/conf/focs/
计算机科学理论,A,会议,LICS,ACM/IEEE Symposium on Logic in Computer Science,IEEE,http://dblp.uni-trier.de/db/conf/lics/
计算机科学理论,B,会议,SoCG,International Symposium on Computational Geometry,ACM,https://dblp.uni-trier.de/db/conf/compgeom/index.html
计算机科学理论,B,会议,ESA,European Symposium on Algorithms,Springer,http://dblp.uni-trier.de/db/conf/esa/
计算机科学理论,B,会议,CCC,Conference on Computational Complexity,IEEE,http://dblp.uni-trier.de/db/conf/coco/
计算机科学理论,B,会议,ICALP,International Colloquium on Automata Languages and Programming,Springer,http://dblp.uni-trier.de/db/conf/icalp/
计算机科学理论,B,会议,CADE,Conference on Automated Deduction,Springer,http://dblp.uni-trier.de/db/conf/cade/
计算机科学理论,B,会议,CONCUR,International Conference on Concurrency Theory,Springer,http://dblp.uni-trier.de/db/conf/concur/
计算机科学理论,B,会议,HSCC,International Conference on Hybrid Systems: Computation and Control,Springer/ACM,http://dblp.uni-trier.de/db/conf/hybrid/
计算机科学理论,B,会议,SAT,International Conference on Theory and Applications of Satisfiability Testing,Springer,http://dblp.uni-trier.de/db/conf/sat/
计算机科学理论,B,会议,COCOON,International Computing and Combinatorics Conference,Springer,https://dblp.org/db/conf/cocoon/index.html
计算机科学理论,B,会议,FMCAD,Formal Methods in Computer-Aided Design,ACM,http://dblp.uni-trier.de/db/conf/fmcad/
计算机科学理论,C,会议,CSL,Computer Science Logic,Springer,http://dblp.uni-trier.de/db/conf/csl/
计算机科学理论,C,会议,FSTTCS,Foundations of Software Technology and Theoretical Computer Science,Indian Association for Research in Computing Science,http://dblp.uni-trier.de/db/conf/fsttcs/
计算机科学理论,C,会议,DSAA,IEEE International Conference on Data Science and Advanced Analytics,IEEE,https://dblp.uni-trier.de/db/conf/dsaa/
计算机科学理论,C,会议,ICTAC,International Colloquium on Theoretical Aspects of Computing,Springer,http://dblp.uni-trier.de/db/conf/ictac/
计算机科学理论,C,会议,IPCO,International Conference on Integer Programming and Combinatorial Optimization,Springer,http://dblp.uni-trier.de/db/conf/ipco/
计算机科学理论,C,会议,FSCD,International Conference on Formal Structures for Computation and Deduction,Dagstuhl Leibniz LIPIcs,http://dblp.uni-trier.de/db/conf/rta/
计算机科学理论,C,会议,ISAAC,International Symposium on Algorithms and Computation,Springer,http://dblp.uni-trier.de/db/conf/isaac/
计算机科学理论,C,会议,MFCS,International Conference on Mathematical Foundations of Computer Science,Springer,http://dblp.uni-trier.de/db/conf/mfcs/
计算机科学理论,C,会议,STACS,Symposium on Theoretical Aspects of Computer Science,Springer,http://dblp.uni-trier.de/db/conf/stacs/
计算机科学理论,C,会议,SETTA,International Symposium on Software Engineering: Theories Tools and Applications,Springer,https://dblp.org/db/conf/setta/index.html
计算机图形学与多媒体,A,期刊,TOG,ACM Transactions on Graphics,ACM,http://dblp.uni-trier.de/db/journals/tog/
计算机图形学与多媒体,A,期刊,TIP,IEEE Transactions on Image Processing,IEEE,http://dblp.uni-trier.de/db/journals/tip/
计算机图形学与多媒体,A,期刊,TVCG,IEEE Transactions on Visualization and Computer Graphics,IEEE,http://dblp.uni-trier.de/db/journals/tvcg/
计算机图形学与多媒体,A,期刊,TMM,IEEE Transactions on Multimedia,IEEE,http://dblp.uni-trier.de/db/journals/tmm/
计算机图形学与多媒体,B,期刊,TOMM,ACM Transactions on Multimedia Computing Communications and Applications,ACM,http://dblp.uni-trier.de/db/journals/tomccap/
计算机图形学与多媒体,B,期刊,CAGD,Computer Aided Geometric Design,Elsevier,http://dblp.uni-trier.de/db/journals/cagd/
计算机图形学与多媒体,B,期刊,CGF,Computer Graphics Forum,Wiley,http://dblp.uni-trier.de/db/journals/cgf/
计算机图形学与多媒体,B,期刊,CAD,Computer-Aided Design,Elsevier,http://dblp.uni-trier.de/db/journals/cad/
计算机图形学与多媒体,B,期刊,TCSVT,IEEE Transactions on Circuits and Systems for Video Technology,IEEE,http://dblp.uni-trier.de/db/journals/tcsv/
计算机图形学与多媒体,B,期刊,JASA,The Journal of the Acoustical Society of America,AIP,http://scitation.aip.org/content/asa/journals/jasa
计算机图形学与多媒体,B,期刊,SIIMS,SIAM Journal on Imaging Sciences,SIAM,http://dblp.uni-trier.de/db/journals/siamis/
计算机图形学与多媒体,B,期刊,SPECOM,Speech Communication,Elsevier,http://dblp.uni-trier.de/db/journals/speech/
计算机图形学与多媒体,B,期刊,CVMJ,Computational Visual Media,清华大学出版社 IEEE,https://dblp.org/db/journals/cvm/index.html
计算机图形学与多媒体,C,期刊,CGTA,Computational Geometry: Theory and Applications,Elsevier,http://dblp.uni-trier.de/db/journals/comgeo/
计算机图形学与多媒体,C,期刊,CAVW,Computer animation & virtual worlds,Wiley,https://dblp.org/db/journals/jvca/index.html
计算机图形学与多媒体,C,期刊,C&G,Computers & Graphics,Elsevier,http://dblp.uni-trier.de/db/journals/cg/
计算机图形学与多媒体,C,期刊,DCG,Discrete & Computational Geometry,Springer,http://dblp.uni-trier.de/db/journals/dcg/
计算机图形学与多媒体,C,期刊,SPL,IEEE Signal Processing Letters,IEEE,http://dblp.uni-trier.de/db/journals/spl/
计算机图形学与多媒体,C,期刊,IET-IPR,IET Image Processing,IET,http://dblp.uni-trier.de/db/journals/iet-ipr/
计算机图形学与多媒体,C,期刊,JVCIR,Journal of Visual Communication and Image Representation,Elsevier,http://dblp.uni-trier.de/db/journals/jvcir/
计算机图形学与多媒体,C,期刊,MS,Multimedia Systems,Springer,http://dblp.uni-trier.de/db/journals/mms/
计算机图形学与多媒体,C,期刊,MTA,Multimedia Tools and Applications,Springer,http://dblp.uni-trier.de/db/journals/mta/
计算机图形学与多媒体,C,期刊,SIGPRO,Signal Processing,Elsevier,http://dblp.uni-trier.de/db/journals/sigpro/
计算机图形学与多媒体,C,期刊,IMAGE,Signal Processing: Image Communication,Elsevier,http://dblp.uni-trier.de/db/journals/spic/
计算机图形学与多媒体,C,期刊,TVC,The Visual Computer,Springer,http://dblp.uni-trier.de/db/journals/vc/
计算机图形学与多媒体,C,期刊,VI,Visual Informatics,浙江大学出版社,https://dblp.uni-trier.de/db/journals/vi/index.html
计算机图形学与多媒体,C,期刊,VRIH,Virtual Reality & Intelligent Hardware,中国科技出版社 北京航空航天大学,https://dblp.uni-trier.de/db/journals/vrih/index.html
计算机图形学与多媒体,C,期刊,GMOD,Graphical Models,Elsevier,http://dblp.uni-trier.de/db/journals/cvgip/
计算机图形学与多媒体,A,会议,ACMMM,ACM International Conference on Multimedia,ACM,http://dblp.uni-trier.de/db/conf/mm/
计算机图形学与多媒体,A,会议,SIGGRAPH,ACM Special Interest Group on Computer Graphics,ACM,http://dblp.uni-trier.de/db/conf/siggraph/index.html
计算机图形学与多媒体,A,会议,VR,IEEE Conference on Virtual Reality and 3D User Interfaces,IEEE,http://dblp.uni-trier.de/db/conf/vr/
计算机图形学与多媒体,A,会议,IEEE VIS,IEEE Visualization Conference,IEEE,http://dblp.uni-trier.de/db/conf/visualization/index.html
计算机图形学与多媒体,B,会议,ICMR,ACM SIGMM International Conference on Multimedia Retrieval,ACM,http://dblp.uni-trier.de/db/conf/mir/
计算机图形学与多媒体,B,会议,I3D,ACM SIGGRAPH Symposium on Interactive 3D Graphics and Games,ACM,http://dblp.uni-trier.de/db/conf/si3d/
计算机图形学与多媒体,B,会议,SCA,ACM SIGGRAPH/Eurographics Symposium on Computer Animation,ACM,http://dblp.uni-trier.de/db/conf/sca/index.html
计算机图形学与多媒体,B,会议,DCC,Data Compression Conference,IEEE,http://dblp.uni-trier.de/db/conf/dcc/
计算机图形学与多媒体,B,会议,Eurographics,Annual Conference of the European Association for Computer Graphics,Wiley/Blackwell,http://dblp.uni-trier.de/db/conf/eurographics/
计算机图形学与多媒体,B,会议,EuroVis,Eurographics Conference on Visualization,ACM,http://dblp.uni-trier.de/db/conf/vissym/
计算机图形学与多媒体,B,会议,SGP,Eurographics Symposium on Geometry Processing,Wiley/Blackwell,http://dblp.uni-trier.de/db/conf/sgp/
计算机图形学与多媒体,B,会议,EGSR,Eurographics Symposium on Rendering,Wiley/Blackwell,http://dblp.uni-trier.de/db/conf/rt/
计算机图形学与多媒体,B,会议,ICASSP,IEEE International Conference on Acoustics Speech and Signal Processing,IEEE,http://dblp.uni-trier.de/db/conf/icassp/
计算机图形学与多媒体,B,会议,ICME,IEEE International Conference on Multimedia & Expo,IEEE,http://dblp.uni-trier.de/db/conf/icmcs/
计算机图形学与多媒体,B,会议,ISMAR,International Symposium on Mixed and Augmented Reality,IEEE/ACM,http://dblp.uni-trier.de/db/conf/ismar/
计算机图形学与多媒体,B,会议,PG,Pacific Conference on Computer Graphics and Applications,Wiley/Blackwell,http://dblp.uni-trier.de/db/conf/pg/index.html
计算机图形学与多媒体,B,会议,SPM,Symposium on Solid and Physical Modeling,SMA/Elsevier,http://dblp.uni-trier.de/db/conf/sma/
计算机图形学与多媒体,B,会议,INTERSPEECH,Conference of the International Speech Communication Association,ISCA,http://dblp.uni-trier.de/db/conf/interspeech/index.html
计算机图形学与多媒体,C,会议,VRST,ACM Symposium on Virtual Reality Software and Technology,ACM,http://dblp2.uni-trier.de/db/conf/vrst/
计算机图形学与多媒体,C,会议,CASAXR,International Conference on Computer Animation Social Agents and Extended Reality,Wiley,http://dblp.uni-trier.de/db/conf/ca/
计算机图形学与多媒体,C,会议,CGI,Computer Graphics International,Springer,http://dblp.uni-trier.de/db/conf/cgi/
计算机图形学与多媒体,C,会议,GMP,Geometric Modeling and Processing,Elsevier,http://dblp.uni-trier.de/db/conf/gmp/
计算机图形学与多媒体,C,会议,PacificVis,IEEE Pacific Visualization Symposium,IEEE,http://dblp.uni-trier.de/db/conf/apvis/
计算机图形学与多媒体,C,会议,3DV,International Conference on 3D Vision,IEEE,https://dblp.uni-trier.de/db/conf/3dim/
计算机图形学与多媒体,C,会议,CAD/Graphics,International Conference on Computer-Aided Design and Computer Graphics Processing,IEEE,https://dblp.uni-trier.de/db/conf/cadgraphics/
计算机图形学与多媒体,C,会议,ICIP,IEEE International Conference on Image Processing,IEEE,http://dblp.uni-trier.de/db/conf/icip/
计算机图形学与多媒体,C,会议,MMM,International Conference on Multimedia Modeling,Springer,http://dblp.uni-trier.de/db/conf/mmm/index.html
计算机图形学与多媒体,C,会议,MMAsia,ACM Multimedia Asia,ACM,https://dblp.uni-trier.de/db/conf/mmasia/index.html
计算机图形学与多媒体,C,会议,SMI,Shape Modeling International,IEEE,http://dblp.uni-trier.de/db/conf/smi/
计算机图形学与多媒体,C,会议,CVM,Computational Visual Media,Tsinghua University,https://dblp.org/db/conf/cvm/index.html
计算机图形学与多媒体,C,会议,PRCV,Chinese Conference on Pattern Recognition and Computer Vision,Springer,https://dblp.org/db/conf/prcv/index.html
计算机图形学与多媒体,C,会议,ICIG,International Conference on Image and Graphics,Springer,https://dblp.uni-trier.de/db/conf/icig/index.html
计算机图形学与多媒体,C,会议,NCMMSC,National Conference on Man-Machine Speech Communication,CCF 中国中文信息学会,https://dblp.uni-trier.de/search?q=NCMMSC
计算机图形学与多媒体,C,会议,ASRU,Automatic Speech Recognition and Understanding Workshop,IEEE SLTC,https://dblp.uni-trier.de/db/conf/asru/index.html
计算机图形学与多媒体,C,会议,SLT,Spoken Language Technology,IEEE SLTC,https://dblp.uni-trier.de/db/conf/slt/index.html
人工智能,A,期刊,AI,Artificial Intelligence,Elsevier,http://dblp.uni-trier.de/db/journals/ai/
人工智能,A,期刊,TPAMI,IEEE Transactions on Pattern Analysis and Machine Intelligence,IEEE,http://dblp.uni-trier.de/db/journals/pami/
人工智能,A,期刊,IJCV,International Journal of Computer Vision,Springer,http://dblp.uni-trier.de/db/journals/ijcv/
人工智能,A,期刊,JMLR,Journal of Machine Learning Research,MIT Press,http://dblp.uni-trier.de/db/journals/jmlr/
人工智能,B,期刊,TAP,ACM Transactions on Applied Perception,ACM,http://dblp.uni-trier.de/db/journals/tap/
人工智能,B,期刊,AAMAS,Autonomous Agents and Multi-Agent Systems,Springer,http://dblp.uni-trier.de/db/journals/aamas/
人工智能,B,期刊,Computational Linguistics,Computational Linguistics,MIT Press,http://dblp.uni-trier.de/db/journals/coling/
人工智能,B,期刊,CVIU,Computer Vision and Image Understanding,Elsevier,http://dblp.uni-trier.de/db/journals/cviu/
人工智能,B,期刊,DKE,Data & Knowledge Engineering,Elsevier,http://dblp.uni-trier.de/db/journals/dke/index.html
人工智能,B,期刊,Evolutionary Computation,Evolutionary Computation,MIT Press,http://dblp.uni-trier.de/db/journals/ec/
人工智能,B,期刊,TAC,IEEE Transactions on Affective Computing,IEEE,http://dblp.uni-trier.de/db/journals/taffco/
人工智能,B,期刊,TASLP,IEEE Transactions on Audio Speech and Language Processing,IEEE,http://dblp.uni-trier.de/db/journals/taslp/
人工智能,B,期刊,IEEE Transactions on Cybernetics,IEEE Transactions on Cybernetics,IEEE,http://dblp.uni-trier.de/db/journals/tcyb/
人工智能,B,期刊,TEC,IEEE Transactions on Evolutionary Computation,IEEE,http://dblp.uni-trier.de/db/journals/tec/
人工智能,B,期刊,TFS,IEEE Transactions on Fuzzy Systems,IEEE,http://dblp.uni-trier.de/db/journals/tfs/
人工智能,B,期刊,TNNLS,IEEE Transactions on Neural Networks and learning systems,IEEE,http://dblp.uni-trier.de/db/journals/tnn/
人工智能,B,期刊,IJAR,International Journal of Approximate Reasoning,Elsevier,http://dblp.uni-trier.de/db/journals/ijar/
人工智能,B,期刊,JAIR,Journal of Artificial Intelligence Research,AAAI,http://dblp.uni-trier.de/db/journals/jair/index.html
人工智能,B,期刊,Journal of Automated Reasoning,Journal of Automated Reasoning,Springer,http://dblp.uni-trier.de/db/journals/jar/
人工智能,B,期刊,JSLHR,Journal of Speech Language and Hearing,American Speech-Language Hearing Association,http://jslhr.pubs.asha.org/
人工智能,B,期刊,Machine Learning,Machine Learning,Springer,http://dblp.uni-trier.de/db/journals/ml/
人工智能,B,期刊,Neural Computation,Neural Computation,MIT Press,http://dblp.uni-trier.de/db/journals/neco/
人工智能,B,期刊,Neural Networks,Neural Networks,Elsevier,http://dblp.uni-trier.de/db/journals/nn/
人工智能,B,期刊,PR,Pattern Recognition,Elsevier,http://dblp.uni-trier.de/db/conf/par/
人工智能,B,期刊,TACL,Transactions of the Association for Computational Linguistics,The Association for Computational Linguistics,https://dblp.org/db/journals/tacl/index.html
人工智能,C,期刊,TALLIP,ACM Transactions on Asian and Low-Resource Language Information Processing,ACM,http://dblp.uni-trier.de/db/journals/talip/
人工智能,C,期刊,Applied Intelligence,Applied Intelligence,Springer,http://dblp.uni-trier.de/db/journals/apin/
人工智能,C,期刊,AIM,Artificial Intelligence in Medicine,Elsevier,http://dblp.uni-trier.de/db/journals/artmed/
人工智能,C,期刊,Artificial Life,Artificial Life,MIT Press,http://dblp.uni-trier.de/db/journals/alife/
人工智能,C,期刊,Computational Intelligence,Computational Intelligence,Wiley,http://dblp.uni-trier.de/db/journals/ci/
人工智能,C,期刊,Computer Speech & Language,Computer Speech & Language,Elsevier,http://dblp.uni-trier.de/db/journals/csl/
人工智能,C,期刊,Connection Science,Connection Science,Taylor & Francis,http://dblp.uni-trier.de/db/journals/connection/
人工智能,C,期刊,DSS,Decision Support Systems,Elsevier,http://dblp.uni-trier.de/db/journals/dss/
人工智能,C,期刊,EAAI,Engineering Applications of Artificial Intelligence,Elsevier,http://dblp.uni-trier.de/db/journals/eaaai/
人工智能,C,期刊,Expert Systems,Expert Systems,Blackwell Wiley,http://dblp.uni-trier.de/db/journals/es/
人工智能,C,期刊,ESWA,Expert Systems with Applications,Elsevier,http://dblp.uni-trier.de/db/journals/eswa/
人工智能,C,期刊,Fuzzy Sets and Systems,Fuzzy Sets and Systems,Elsevier,http://dblp.uni-trier.de/db/journals/fss/
人工智能,C,期刊,TG,IEEE Transactions on Games,IEEE,http://dblp.uni-trier.de/db/journals/tciaig/
人工智能,C,期刊,IET-CVI,IET Computer Vision,IET,https://dblp.org/db/journals/iet-cvi/index.html
人工智能,C,期刊,IET Signal Processing,IET Signal Processing,IET,https://dblp.org/db/journals/iet-spr/index.html
人工智能,C,期刊,IVC,Image and Vision Computing,Elsevier,http://dblp.uni-trier.de/db/journals/ivc/
人工智能,C,期刊,IDA,Intelligent Data Analysis,IOS Press,http://dblp.uni-trier.de/db/journals/ida/
人工智能,C,期刊,IJCIA,International Journal of Computational Intelligence and Applications,World Scientific,http://dblp.uni-trier.de/db/journals/ijcia/
人工智能,C,期刊,IJIS,International Journal of Intelligent Systems,Wiley,http://dblp.uni-trier.de/db/journals/ijis/
人工智能,C,期刊,IJNS,International Journal of Neural Systems,World Scientific,http://dblp.uni-trier.de/db/journals/ijns/
人工智能,C,期刊,IJPRAI,International Journal of Pattern Recognition and Artificial Intelligence,World Scientific,http://dblp.uni-trier.de/db/journals/ijprai/
人工智能,C,期刊,IUFKS,International Journal of Uncertainty Fuzziness and Knowledge-Based Systems,World Scientific,https://dblp.uni-trier.de/db/journals/ijufks/
人工智能,C,期刊,IJDAR,International Journal on Document Analysis and Recognition,Springer,http://dblp.uni-trier.de/db/journals/ijdar/
人工智能,C,期刊,JETAI,Journal of Experimental and Theoretical Artificial Intelligence,Taylor & Francis,http://dblp.uni-trier.de/db/journals/jetai/
人工智能,C,期刊,KBS,Knowledge-Based Systems,Elsevier,http://dblp.uni-trier.de/db/journals/kbs/
人工智能,C,期刊,Machine Translation,Machine Translation,Springer,http://dblp.uni-trier.de/db/journals/mt/
人工智能,C,期刊,Machine Vision and Applications,Machine Vision and Applications,Springer,http://dblp.uni-trier.de/db/journals/mva/
人工智能,C,期刊,Natural Computing,Natural Computing,Springer,http://dblp.uni-trier.de/db/journals/nc/
人工智能,C,期刊,NLE,Natural Language Engineering,Cambridge University Press,http://dblp.uni-trier.de/db/journals/nle/
人工智能,C,期刊,NCA,Neural Computing and Applications,Springer,http://dblp.uni-trier.de/db/journals/nca/
人工智能,C,期刊,NPL,Neural Processing Letters,Springer,http://dblp.uni-trier.de/db/journals/npl/
人工智能,C,期刊,Neurocomputing,Neurocomputing,Elsevier,http://dblp.uni-trier.de/db/journals/ijon/
人工智能,C,期刊,PAA,Pattern Analysis and Applications,Springer,http://dblp.uni-trier.de/db/journals/paa/
人工智能,C,期刊,PRL,Pattern Recognition Letters,Elsevier,http://dblp.uni-trier.de/db/journals/prl/
人工智能,C,期刊,Soft Computing,Soft Computing,Springer,http://dblp.uni-trier.de/db/journals/soco/
人工智能,C,期刊,WI,Web Intelligence,IOS Press,http://dblp.uni-trier.de/db/journals/wias/
人工智能,C,期刊,TIIS,ACM Transactions on Interactive Intelligent Systems,ACM,https://dblp.org/db/journals/tiis/index.html
人工智能,C,期刊,TELO,ACM Transactions on Evolutionary Learning and Optimization,ACM,https://dblp.uni-trier.de/db/journals/telo/index.html
人工智能,C,期刊,JATS,ACM Journal on Autonomous Transportation Systems,ACM,
人工智能,A,会议,AAAI,AAAI Conference on Artificial Intelligence,AAAI,http://dblp.uni-trier.de/db/conf/aaai/
人工智能,A,会议,NeurIPS,Conference on Neural Information Processing Systems,MIT Press,http://dblp.uni-trier.de/db/conf/nips/
人工智能,A,会议,ACL,Annual Meeting of the Association for Computational Linguistics,ACL,http://dblp.uni-trier.de/db/conf/acl/
人工智能,A,会议,CVPR,IEEE/CVF Computer Vision and Pattern Recognition Conference,IEEE,http://dblp.uni-trier.de/db/conf/cvpr/
人工智能,A,会议,ICCV,International Conference on Computer Vision,IEEE,http://dblp.uni-trier.de/db/conf/iccv/
人工智能,A,会议,ICML,International Conference on Machine Learning,ACM,http://dblp.uni-trier.de/db/conf/icml/
人工智能,A,会议,ICLR,International Conference on Learning Representations,OpenReview,https://dblp.uni-trier.de/db/conf/iclr/index.html
人工智能,B,会议,COLT,Annual Conference on Computational Learning Theory,Springer,http://dblp.uni-trier.de/db/conf/colt/
人工智能,B,会议,EMNLP,Conference on Empirical Methods in Natural Language Processing,ACL,http://dblp.uni-trier.de/db/conf/emnlp/
人工智能,B,会议,ECAI,European Conference on Artificial Intelligence,IOS Press,http://dblp.uni-trier.de/db/conf/ecai/
人工智能,B,会议,ECCV,European Conference on Computer Vision,Springer,http://dblp.uni-trier.de/db/conf/eccv/
人工智能,B,会议,ICRA,IEEE International Conference on Robotics and Automation,IEEE,http://dblp.uni-trier.de/db/conf/icra/
人工智能,B,会议,ICAPS,International Conference on Automated Planning and Scheduling,AAAI,https://dblp.uni-trier.de/db/conf/icaps/index.html
人工智能,B,会议,ICCBR,International Conference on Case-Based Reasoning,Springer,http://dblp.uni-trier.de/db/conf/iccbr/
人工智能,B,会议,COLING,International Conference on Computational Linguistics,International Committee on Computational Linguistics,http://dblp.uni-trier.de/db/conf/coling/
人工智能,B,会议,KR,International Conference on Principles of Knowledge Representation and Reasoning,Morgan Kaufmann,http://dblp.uni-trier.de/db/conf/kr/
人工智能,B,会议,UAI,Conference on Uncertainty in Artificial Intelligence,AUAI,http://dblp.uni-trier.de/db/conf/uai/
人工智能,B,会议,AAMAS,International Joint Conference on Autonomous Agents and Multi-agent Systems,Springer,https://dblp.uni-trier.de/db/conf/ifaamas/index.html
人工智能,B,会议,PPSN,Parallel Problem Solving from Nature,Springer,http://dblp.uni-trier.de/db/conf/ppsn/
人工智能,B,会议,NAACL,North American Chapter of the Association for Computational Linguistics,Association for Computational Linguistics,http://dblp.uni-trier.de/db/conf/naacl/
人工智能,B,会议,IJCAI,International Joint Conference on Artificial Intelligence,Morgan Kaufmann,http://dblp.uni-trier.de/db/conf/ijcai/
人工智能,C,会议,AISTATS,International Conference on Artificial Intelligence and Statistics,JMLR,http://dblp.uni-trier.de/db/conf/aistats/
人工智能,C,会议,ACCV,Asian Conference on Computer Vision,Springer,http://dblp.uni-trier.de/db/conf/accv/
人工智能,C,会议,ACML,Asian Conference on Machine Learning,JMLR,http://dblp.uni-trier.de/db/conf/acml/
人工智能,C,会议,BMVC,British Machine Vision Conference,British Machine Vision Association,http://dblp.uni-trier.de/db/conf/bmvc/
人工智能,C,会议,NLPCC,CCF International Conference on Natural Language Processing and Chinese Computing,Springer,https://dblp.uni-trier.de/db/conf/nlpcc/
人工智能,C,会议,CoNLL,Conference on Computational Natural Language Learning,Association for Computational Linguistics,http://dblp.uni-trier.de/db/conf/conll
人工智能,C,会议,GECCO,Genetic and Evolutionary Computation Conference,ACM,http://dblp.uni-trier.de/db/conf/gecco/
人工智能,C,会议,ICTAI,IEEE International Conference on Tools with Artificial Intelligence,IEEE,http://dblp.uni-trier.de/db/conf/ictai/
人工智能,C,会议,IROS,IEEE/RSJ International Conference on Intelligent Robots and Systems,IEEE,http://dblp.uni-trier.de/db/conf/iros/
人工智能,C,会议,ALT,International Conference on Algorithmic Learning Theory,Springer,http://dblp.uni-trier.de/db/conf/alt/
人工智能,C,会议,ICANN,International Conference on Artificial Neural Networks,Springer,http://dblp.uni-trier.de/db/conf/icann/
人工智能,C,会议,FG,IEEE International Conference on Automatic Face and Gesture Recognition,IEEE,http://dblp.uni-trier.de/db/conf/fgr/
人工智能,C,会议,ICDAR,International Conference on Document Analysis and Recognition,IEEE,http://dblp.uni-trier.de/db/conf/icdar/
人工智能,C,会议,ILP,International Conference on Inductive Logic Programming,Springer,http://dblp.uni-trier.de/db/conf/ilp/
人工智能,C,会议,KSEM,International conference on Knowledge Science Engineering and Management,Springer,http://dblp.uni-trier.de/db/conf/ksem/
人工智能,C,会议,ICONIP,International Conference on Neural Information Processing,Springer,http://dblp.uni-trier.de/db/conf/iconip/
人工智能,C,会议,ICPR,International Conference on Pattern Recognition,IEEE,http://dblp.uni-trier.de/db/conf/icpr/
人工智能,C,会议,IJCB,International Joint Conference on Biometrics,IEEE,http://dblp.uni-trier.de/db/conf/icb/
人工智能,C,会议,IJCNN,International Joint Conference on Neural Networks,IEEE,http://dblp.uni-trier.de/db/conf/ijcnn/
人工智能,C,会议,PRICAI,Pacific Rim International Conference on Artificial Intelligence,Springer,http://dblp.uni-trier.de/db/conf/pricai/
人工智能,C,会议,IEEE CEC,Congress on Evolutionary Computation,IEEE,https://dblp.uni-trier.de/db/conf/cec/index.html
人工智能,C,会议,DAI,International Conference on Distributed Artificial Intelligence,ACM/Springer,https://dblp.uni-trier.de/db/conf/dai2/index.html
人机交互与普适计算,A,期刊,TOCHI,ACM Transactions on Computer-Human Interaction,ACM,http://dblp.uni-trier.de/db/journals/tochi/
人机交互与普适计算,A,期刊,IJHCS,International Journal of Human-Computer Studies,Elsevier,http://dblp.uni-trier.de/db/journals/ijmms/
人机交互与普适计算,B,期刊,CSCW,Computer Supported Cooperative Work,Springer,http://dblp.uni-trier.de/db/journals/cscw/
人机交互与普适计算,B,期刊,HCI,Human-Computer Interaction,Taylor & Francis,http://dblp.uni-trier.de/db/journals/hhci/
人机交互与普适计算,B,期刊,IEEE Transactions on Human-Machine Systems,IEEE Transactions on Human-Machine Systems,IEEE,http://dblp.uni-trier.de/db/journals/thms/
人机交互与普适计算,B,期刊,IWC,Interacting with Computers,Oxford University Press,http://dblp.uni-trier.de/db/journals/iwc/
人机交互与普适计算,B,期刊,IJHCI,International Journal of Human-Computer Interaction,Taylor & Francis,http://dblp.uni-trier.de/db/journals/ijhci/
人机交互与普适计算,B,期刊,UMUAI,User Modeling and User-Adapted Interaction,Springer,http://dblp.uni-trier.de/db/journals/umuai/
人机交互与普适计算,B,期刊,TSMC,IEEE Transactions on Systems Man and Cybernetics: Systems,IEEE,https://dblp.org/db/journals/tsmc/tsmc12.html
人机交互与普适计算,B,期刊,CCF TPCI,CCF Transactions on Pervasive Computing and Interaction,CCF/Springer,https://dblp.uni-trier.de/db/journals/ccfpc/indext.html
人机交互与普适计算,C,期刊,BIT,Behaviour & Information Technology,Taylor & Francis,http://dblp.uni-trier.de/db/journals/behaviourIT/
人机交互与普适计算,C,期刊,PUC,Personal and Ubiquitous Computing,Springer,http://dblp.uni-trier.de/db/journals/puc/
人机交互与普适计算,C,期刊,PMC,Pervasive and Mobile Computing,Elsevier,http://dblp.uni-trier.de/db/journals/percom/
人机交互与普适计算,C,期刊,PACMHCI,Proceedings of the ACM on Human-Computer Interaction,ACM,https://dblp.org/db/journals/pacmhci/index.html
人机交互与普适计算,C,期刊,THRI,ACM Transactions on Human-Robot Interaction,ACM,https://dblp.uni-trier.de/db/journals/thri/index.html
人机交互与普适计算,A,会议,CSCW,ACM Conference On Computer-Supported Cooperative Work And Social Computing,ACM,http://dblp.uni-trier.de/db/conf/cscw
人机交互与普适计算,A,会议,CHI,ACM Conference on Human Factors in Computing Systems,ACM,http://dblp.uni-trier.de/db/conf/chi
人机交互与普适计算,A,会议,UbiComp,ACM international joint conference on Pervasive and Ubiquitous Computing,ACM,https://dblp.uni-trier.de/db/conf/huc/
人机交互与普适计算,A,会议,UIST,ACM Symposium on User Interface Software and Technology,ACM,http://dblp.uni-trier.de/db/conf/uist/
人机交互与普适计算,B,会议,GROUP,ACM International Conference on Supporting Group Work,ACM,http://dblp.uni-trier.de/db/conf/group/
人机交互与普适计算,B,会议,IUI,ACM International Conference on Intelligent User Interfaces,ACM,http://dblp.uni-trier.de/db/conf/iui/
人机交互与普适计算,B,会议,ISS,ACM International Conference on Interactive Surfaces and Spaces,ACM,http://dblp.uni-trier.de/db/conf/tabletop/
人机交互与普适计算,B,会议,ECSCW,European Conference on Computer Supported Cooperative Work,Springer,http://dblp.uni-trier.de/db/conf/ecscw/
人机交互与普适计算,B,会议,PERCOM,IEEE International Conference on Pervasive Computing and Communications,IEEE,http://dblp.uni-trier.de/db/conf/percom/
人机交互与普适计算,B,会议,MobileHCI,ACM International Conference on Mobile Human-Computer Interaction,ACM,http://dblp.uni-trier.de/db/conf/mhci/
人机交互与普适计算,B,会议,ICWSM,The International AAAI Conference on Web and Social Media,AAAI,https://dblp.org/db/conf/icwsm/index.html
人机交互与普适计算,C,会议,DIS,ACM SIGCHI Conference on Designing Interactive Systems,ACM,http://dblp.uni-trier.de/db/conf/ACMdis
人机交互与普适计算,C,会议,ICMI,ACM International Conference on Multimodal Interaction,ACM,http://dblp.uni-trier.de/db/conf/icmi/
人机交互与普适计算,C,会议,ASSETS,International ACM SIGACCESS Conference on Computers and Accessibility,ACM,http://dblp.uni-trier.de/db/conf/assets
人机交互与普适计算,C,会议,GI,Graphics Interface,ACM,http://dblp.uni-trier.de/db/conf/graphicsinterface/
人机交互与普适计算,C,会议,UIC,IEEE International Conference on Ubiquitous Intelligence and Computing,IEEE,http://dblp.uni-trier.de/db/conf/uic/
人机交互与普适计算,C,会议,IEEE World Haptics,IEEE World Haptics Conference,IEEE,http://dblp.uni-trier.de/db/conf/haptics/
人机交互与普适计算,C,会议,INTERACT,International Conference on Human-Computer Interaction of International Federation for Information Processing,IFIP,http://dblp.uni-trier.de/db/conf/interact/
人机交互与普适计算,C,会议,IDC,ACM Interaction Design and Children,ACM,http://dblp.uni-trier.de/db/conf/acmidc/
人机交互与普适计算,C,会议,CollaborateCom,International Conference on Collaborative Computing: Networking Applications and Worksharing,Springer,https://dblp.uni-trier.de/db/conf/colcom/
人机交互与普适计算,C,会议,CSCWD,International Conference on Computer Supported Cooperative Work in Design,Springer,http://dblp.uni-trier.de/db/conf/cscwd/
人机交互与普适计算,C,会议,CoopIS,International Conference on Cooperative Information Systems,Springer,http://dblp.uni-trier.de/db/conf/coopis/
人机交互与普适计算,C,会议,MobiQuitous,International Conference on Mobile and Ubiquitous Systems: Computing Networking and Services,Springer,http://dblp.uni-trier.de/db/conf/mobiquitous/
人机交互与普适计算,C,会议,AVI,International Working Conference on Advanced Visual Interfaces,ACM,http://dblp.uni-trier.de/db/conf/avi/
人机交互与普适计算,C,会议,GPC,Conference on Green Pervasive and Cloud Computing,Springer,https://dblp.uni-trier.de/db/conf/gpc/index.html
人机交互与普适计算,C,会议,ICXR,CCF International Conference on Extended Reality,Springer,https://dblp.uni-trier.de/db/conf/icxr/index.html